{"cameraMode":{"drawMode":0,"name":"Shaded","section":"Shading Mode"},"sceneLighting":true,"audioPlay":false,"sceneViewState":{"m_AlwaysRefresh":false,"showFog":true,"showSkybox":true,"showFlares":true,"showImageEffects":true,"showParticleSystems":true,"showVisualEffectGraphs":true,"m_FxEnabled":true},"in2DMode":false,"pivot":{"x":-19.82965660095215,"y":2.5753750801086427,"z":3.5956430435180666},"rotation":{"x":0.012636503204703331,"y":0.9492717981338501,"z":-0.03846649080514908,"w":0.3118399381637573},"size":3.686884880065918,"orthographic":true}